epoch,train_loss,eval_loss,eval_top1,eval_top5
0,6.935286045074463,6.880152167205811,0.0,0.0
